Mid-point,Uncertainty,Time System,Source,#
2458329.5944884205,0.0007352599522703277,BJD_TDB,TESS,1
2458332.44394442,0.0006475528620571504,BJD_TDB,TESS,1
2458335.292939649,0.0006583238804367038,BJD_TDB,TESS,1
2458338.14212061,0.0005825461009080784,BJD_TDB,TESS,1
2458343.8423898756,0.0006200234009152392,BJD_TDB,TESS,1
2458346.690455765,0.0006658892086368049,BJD_TDB,TESS,1
2458352.3889771625,0.0006962561422341932,BJD_TDB,TESS,1
