Mid-point,Uncertainty,Time System,Source,#
2459283.159306418,0.0006902301622159488,BJD_TDB,TESS,1
2459286.5650894246,0.0006880323839788292,BJD_TDB,TESS,1
2459289.971613226,0.0006301366993860904,BJD_TDB,TESS,1
2459296.783497829,0.0007330625232472029,BJD_TDB,TESS,1
2459300.1885898346,0.0006436430925067829,BJD_TDB,TESS,1
2459303.5956147285,0.0012042848603845576,BJD_TDB,TESS,1
