Mid-point,Uncertainty,Time System,Source,#
2459231.3709725505,0.0012385783120010727,BJD_TDB,TESS,1
2459235.5225420366,0.0009502647611677604,BJD_TDB,TESS,1
2459239.6776122237,0.0013455478384444067,BJD_TDB,TESS,1
2459243.831478246,0.0010345564837770705,BJD_TDB,TESS,1
2459247.982432133,0.00131009264188665,BJD_TDB,TESS,1
2459252.138476046,0.001407710741179899,BJD_TDB,TESS,1
