Mid-point,Uncertainty,Time System,Source,#
2458495.2488021133,0.0007999867602057173,BJD_TDB,TESS,1
2458498.536444601,0.0007652135551423478,BJD_TDB,TESS,1
2458501.8259402397,0.0007838808682898112,BJD_TDB,TESS,1
2458508.403886648,0.0006846124829954758,BJD_TDB,TESS,1
2458511.692328162,0.0007581294844535203,BJD_TDB,TESS,1
2458514.9809275568,0.0007709842217084143,BJD_TDB,TESS,1
