Mid-point,Uncertainty,Time System,Source,#
2459177.37424455,0.000942699819701293,BJD_TDB,TESS,1
2459181.5256317854,0.0009312894190613014,BJD_TDB,TESS,1
2459189.8321564817,0.000994527313123541,BJD_TDB,TESS,1
2459193.987686093,0.0009470525305610189,BJD_TDB,TESS,1
2459198.1432163245,0.0009596510940364378,BJD_TDB,TESS,1
