Mid-point,Uncertainty,Time System,Source,#
2459449.7554168226,0.0010289277126475406,BJD_TDB,TESS,1
2459452.660970561,0.0010311516965752067,BJD_TDB,TESS,1
2459464.274866766,0.0011888481265360314,BJD_TDB,TESS,1
2459467.178327194,0.0010299101031581279,BJD_TDB,TESS,1
2459470.0833735196,0.0010753124426405207,BJD_TDB,TESS,1
