Mid-point,Uncertainty,Time System,Source,#
2459089.075248671,0.00047901676653115026,BJD_TDB,TESS,1
2459109.1170251183,0.0005108284562096489,BJD_TDB,TESS,1
