Mid-point,Uncertainty,Time System,Source,#
2459396.7329143947,0.0011320686356239916,BJD_TDB,TESS,1
2459398.8756722594,0.0008482510946104983,BJD_TDB,TESS,1
2459401.0196530125,0.0009212880357378523,BJD_TDB,TESS,1
2459403.16244814,0.000894841785961708,BJD_TDB,TESS,1
2459409.5955450875,0.0011000614177422543,BJD_TDB,TESS,1
2459411.738245631,0.0009196385112708253,BJD_TDB,TESS,1
2459413.881220231,0.0009391516974644601,BJD_TDB,TESS,1
2459416.023714297,0.0009094131111045418,BJD_TDB,TESS,1
2459418.1692794524,0.0008818128214495085,BJD_TDB,TESS,1
