Mid-point,Uncertainty,Time System,Source,#
2458357.5719086314,0.0004848313170832648,BJD_TDB,TESS,1
2458377.613011908,0.00046921375869412056,BJD_TDB,TESS,1
