Mid-point,Uncertainty,Time System,Source,#
2458875.0970390216,0.000519322371151792,BJD_TDB,TESS,1
2458879.450423354,0.0006004449876079558,BJD_TDB,TESS,1
2458888.156213499,0.0005310155910897627,BJD_TDB,TESS,1
2458892.509599841,0.0005637346827731584,BJD_TDB,TESS,1
2458896.8632561793,0.0006018668217492854,BJD_TDB,TESS,1
