Mid-point,Uncertainty,Time System,Source,#
2459205.2146606897,0.0008618581860102952,BJD_TDB,TESS,1
2459209.5924917413,0.0008123993129335972,BJD_TDB,TESS,1
2459218.3489764696,0.0008844581067936655,BJD_TDB,TESS,1
2459222.7284182208,0.0008281845750866447,BJD_TDB,TESS,1
2459227.1044179173,0.0009763123352117019,BJD_TDB,TESS,1
