Mid-point,Uncertainty,Time System,Source,#
2459089.3441367173,0.000242178304423121,BJD_TDB,TESS,1
2459093.755846504,0.0002408909221790108,BJD_TDB,TESS,1
2459098.1674586073,0.0011303819339766202,BJD_TDB,TESS,1
2459102.5797969797,0.0002578547986875151,BJD_TDB,TESS,1
2459106.9918060345,0.0003828662718110507,BJD_TDB,TESS,1
2459111.4036979587,0.00026402829579070294,BJD_TDB,TESS,1
