Mid-point,Uncertainty,Time System,Source,#
2458354.3206992354,0.0009380540252998267,BJD_TDB,TESS,1
2458357.744182017,0.0008204293621444933,BJD_TDB,TESS,1
2458361.1707031946,0.0007470845959582553,BJD_TDB,TESS,1
2458364.5954612107,0.0007244802697915208,BJD_TDB,TESS,1
2458371.446414798,0.0007836577468997334,BJD_TDB,TESS,1
2458374.8713843552,0.0008075867596894602,BJD_TDB,TESS,1
2458378.2971972246,0.0007747268832450844,BJD_TDB,TESS,1
