Mid-point,Uncertainty,Time System,Source,#
2459204.3544735955,0.0005927475712198239,BJD_TDB,TESS,1
2459207.2035798705,0.0006267243448620909,BJD_TDB,TESS,1
2459210.0534990053,0.000597639278853384,BJD_TDB,TESS,1
2459212.902888171,0.0006122551067178049,BJD_TDB,TESS,1
2459215.7509228718,0.000586567618139883,BJD_TDB,TESS,1
2459218.6005437276,0.0006657688327048596,BJD_TDB,TESS,1
2459221.4505851003,0.0011514041758320546,BJD_TDB,TESS,1
2459224.3001317168,0.0005695988823070068,BJD_TDB,TESS,1
2459227.1504879263,0.0005785532828348671,BJD_TDB,TESS,1
