Mid-point,Uncertainty,Time System,Source,#
2458546.675311711,0.0002686298864239137,BJD_TDB,TESS,1
2458551.0874905474,0.00026642478147109055,BJD_TDB,TESS,1
2458559.911785881,0.00029586514639997545,BJD_TDB,TESS,1
2458564.3235780294,0.0002694112655231106,BJD_TDB,TESS,1
