Mid-point,Uncertainty,Time System,Source,#
2459312.1035982054,0.0005037527114563835,BJD_TDB,TESS,1
2459317.0849528043,0.0004372034299403582,BJD_TDB,TESS,1
2459322.067096383,0.0005206014760317195,BJD_TDB,TESS,1
2459327.048082183,0.0004496087453870703,BJD_TDB,TESS,1
2459332.030177101,0.0004233995152840005,BJD_TDB,TESS,1
