Mid-point,Uncertainty,Time System,Source,#
2459308.7360740933,0.0004958811368511491,BJD_TDB,TESS,1
2459311.410624221,0.0004367137689392041,BJD_TDB,TESS,1
2459314.0865993253,0.0004403776213608925,BJD_TDB,TESS,1
2459316.762079983,0.0008347756641157544,BJD_TDB,TESS,1
2459322.1132393396,0.00041909403962974546,BJD_TDB,TESS,1
2459324.789281977,0.0005318482760039642,BJD_TDB,TESS,1
2459327.4641672494,0.0005122119471725527,BJD_TDB,TESS,1
2459330.140593012,0.0004552832667502861,BJD_TDB,TESS,1
