Mid-point,Uncertainty,Time System,Source,#
2459449.25890203,0.0005753942088288828,BJD_TDB,TESS,1
2459451.9785335506,0.000527126439731347,BJD_TDB,TESS,1
2459462.853330912,0.0005938876609764991,BJD_TDB,TESS,1
2459465.572278627,0.000650951942976289,BJD_TDB,TESS,1
2459468.290064436,0.000488460077787775,BJD_TDB,TESS,1
