Mid-point,Uncertainty,Time System,Source,#
2458986.981502537,0.0007012887582773455,BJD_TDB,TESS,1
2458991.998687389,0.0006283005509039784,BJD_TDB,TESS,1
2459002.033336229,0.0006116582557890303,BJD_TDB,TESS,1
2459007.0500355475,0.0006235659361394508,BJD_TDB,TESS,1
