Mid-point,Uncertainty,Time System,Source,#
2458330.4272573106,0.0008495707604810426,BJD_TDB,TESS,1
2458333.7989807995,0.0008088480760251476,BJD_TDB,TESS,1
2458337.171282193,0.0008741616046026363,BJD_TDB,TESS,1
2458340.545982814,0.0010403037312237834,BJD_TDB,TESS,1
2458343.917220426,0.0009061114232454381,BJD_TDB,TESS,1
2458347.289899759,0.0008682923499412462,BJD_TDB,TESS,1
2458350.6632234324,0.0008045850975636037,BJD_TDB,TESS,1
