Mid-point,Uncertainty,Time System,Source,#
2459144.816762645,0.0009447428087209653,BJD_TDB,TESS,1
2459148.426818022,0.0010036343839604088,BJD_TDB,TESS,1
2459152.0394932786,0.0017465918231997259,BJD_TDB,TESS,1
2459155.6506827595,0.0009241407650017847,BJD_TDB,TESS,1
2459159.260090352,0.0010062512730279387,BJD_TDB,TESS,1
2459162.872164924,0.0011072336749300212,BJD_TDB,TESS,1
2459166.482775981,0.001078261889996275,BJD_TDB,TESS,1
