Mid-point,Uncertainty,Time System,Source,#
2458599.7149167424,0.00044479771521617305,BJD_TDB,TESS,1
2458602.390084101,0.0004415355683800275,BJD_TDB,TESS,1
2458605.065984881,0.00047335071999053604,BJD_TDB,TESS,1
2458607.7412130977,0.0004441446797477811,BJD_TDB,TESS,1
2458613.0920661525,0.0005154245616015305,BJD_TDB,TESS,1
2458615.7678681617,0.0004344722933913662,BJD_TDB,TESS,1
2458618.4433928146,0.0004105240783442789,BJD_TDB,TESS,1
2458621.1197065976,0.00047097065339053414,BJD_TDB,TESS,1
