Mid-point,Uncertainty,Time System,Source,#
2459039.091273614,0.0006641149237340197,BJD_TDB,TESS,1
2459041.939712859,0.0006931080679737687,BJD_TDB,TESS,1
2459044.7903355923,0.0006155762906129955,BJD_TDB,TESS,1
2459050.4884406473,0.000575984296211443,BJD_TDB,TESS,1
2459053.33909529,0.0007281732851703691,BJD_TDB,TESS,1
2459056.186833089,0.001370784552759379,BJD_TDB,TESS,1
2459059.036322207,0.0006257073005982314,BJD_TDB,TESS,1
