Mid-point,Uncertainty,Time System,Source,#
2458959.460350102,0.0009309511552211681,BJD_TDB,TESS,1
2458963.999534304,0.0008719626468205301,BJD_TDB,TESS,1
2458973.086440995,0.0008450422691441487,BJD_TDB,TESS,1
2458977.6269244086,0.0007986085962118078,BJD_TDB,TESS,1
