Mid-point,Uncertainty,Time System,Source,#
2459064.223333603,0.0009132938604848286,BJD_TDB,TESS,1
2459066.5022915094,0.0010438826071422107,BJD_TDB,TESS,1
2459068.7797809634,0.0010623733832641647,BJD_TDB,TESS,1
2459071.0596494037,0.0011984560051732744,BJD_TDB,TESS,1
2459075.614062828,0.0012179396009297705,BJD_TDB,TESS,1
2459077.893513228,0.0011916935192748965,BJD_TDB,TESS,1
2459080.174451144,0.0011169960843243323,BJD_TDB,TESS,1
2459082.452248831,0.00111911675801275,BJD_TDB,TESS,1
