Mid-point,Uncertainty,Time System,Source,#
2458571.791444844,0.0007254749114307865,BJD_TDB,TESS,1
2458574.64197995,0.0006488208042708662,BJD_TDB,TESS,1
2458577.491306989,0.0006391694572938445,BJD_TDB,TESS,1
2458580.339651129,0.0006813529933330909,BJD_TDB,TESS,1
2458586.0383312097,0.0006813888939587447,BJD_TDB,TESS,1
2458588.8876612904,0.0007179519301465197,BJD_TDB,TESS,1
2458591.737927776,0.0007240872728719276,BJD_TDB,TESS,1
2458594.586589962,0.0007387598817415396,BJD_TDB,TESS,1
