Mid-point,Uncertainty,Time System,Source,#
2458412.218492392,0.001255271129091717,BJD_TDB,TESS,1
2458414.433121795,0.001119101285880808,BJD_TDB,TESS,1
2458416.6502166293,0.0010858210241437513,BJD_TDB,TESS,1
2458425.5157162864,0.000997415634765814,BJD_TDB,TESS,1
2458427.7339881887,0.0013410462569595249,BJD_TDB,TESS,1
2458429.9500979027,0.00129926017866919,BJD_TDB,TESS,1
2458432.1669018525,0.0012533055905910111,BJD_TDB,TESS,1
2458434.3852329324,0.0012177039364465998,BJD_TDB,TESS,1
