Mid-point,Uncertainty,Time System,Source,#
2459336.8677955354,0.0004839431957546145,BJD_TDB,TESS,1
2459340.6036508987,0.0007039130391959555,BJD_TDB,TESS,1
2459344.338646684,0.0006294514169175196,BJD_TDB,TESS,1
2459348.0742398202,0.0005487364248820997,BJD_TDB,TESS,1
2459351.810056597,0.0005173320800704937,BJD_TDB,TESS,1
2459355.5454680896,0.0005520739621224643,BJD_TDB,TESS,1
2459359.281477693,0.0005349203202074329,BJD_TDB,TESS,1
