Mid-point,Uncertainty,Time System,Source,#
2458930.0010769726,0.0013038386932243326,BJD_TDB,TESS,1
2458932.1748788953,0.0011459366525965425,BJD_TDB,TESS,1
2458936.525505606,0.0010987040562644736,BJD_TDB,TESS,1
2458938.698807065,0.001520968267210375,BJD_TDB,TESS,1
2458945.2249319744,0.001280967062732006,BJD_TDB,TESS,1
2458947.397647709,0.001106912083587801,BJD_TDB,TESS,1
2458949.575409136,0.0013414980610383178,BJD_TDB,TESS,1
2458951.7478082865,0.0011917628540474127,BJD_TDB,TESS,1
2458953.923359101,0.0010890068046085096,BJD_TDB,TESS,1
