Mid-point,Uncertainty,Time System,Source,#
2458573.613619912,0.0007391205520724829,BJD_TDB,TESS,1
2458578.5850214306,0.0007772844918467847,BJD_TDB,TESS,1
2458588.5275340755,0.0008123543682566376,BJD_TDB,TESS,1
2458593.4975608913,0.0008436671098453905,BJD_TDB,TESS,1
