Mid-point,Uncertainty,Time System,Source,#
2458387.223723553,0.0005639464656464686,BJD_TDB,TESS,1
2458402.9696994037,0.000536766267533526,BJD_TDB,TESS,1
