Mid-point,Uncertainty,Time System,Source,#
2458604.2842059904,0.0009378939458495064,BJD_TDB,TESS,1
2458615.2406111252,0.0013521625889840064,BJD_TDB,TESS,1
2458620.7152723544,0.0008667760160975995,BJD_TDB,TESS,1
