Mid-point,Uncertainty,Time System,Source,#
2459337.6083018556,0.00043595909177642666,BJD_TDB,TESS,1
2459344.7417622227,0.0004376610929997825,BJD_TDB,TESS,1
2459351.874753877,0.00045064031964356323,BJD_TDB,TESS,1
2459359.0083268066,0.00041180834182606295,BJD_TDB,TESS,1
