Mid-point,Uncertainty,Time System,Source,#
2459450.0104684955,0.00037678805835723715,BJD_TDB,TESS,1
2459453.7336340006,0.0003307884174418191,BJD_TDB,TESS,1
2459464.901377938,0.0003393661481995219,BJD_TDB,TESS,1
2459468.6238974985,0.00033273460518960823,BJD_TDB,TESS,1
