Mid-point,Uncertainty,Time System,Source,#
2458769.98526923,0.0012660681897818068,BJD_TDB,TESS,1
2458780.281334015,0.0016157848150042309,BJD_TDB,TESS,1
2458785.426488468,0.0011479611854754667,BJD_TDB,TESS,1
