Mid-point,Uncertainty,Time System,Source,#
2458387.8331664847,0.001524597370907292,BJD_TDB,TESS,1
2458390.048642595,0.0012491258338348018,BJD_TDB,TESS,1
2458392.2662305706,0.0014276369660757853,BJD_TDB,TESS,1
2458398.9155421285,0.001249552513852678,BJD_TDB,TESS,1
2458401.1331083667,0.0011143906371313156,BJD_TDB,TESS,1
2458403.350459516,0.001194768835267903,BJD_TDB,TESS,1
2458405.566290131,0.0012473931024126834,BJD_TDB,TESS,1
