Mid-point,Uncertainty,Time System,Source,#
2458547.8691705037,0.0007205847092049408,BJD_TDB,TESS,1
2458551.157234478,0.001183252839239871,BJD_TDB,TESS,1
2458554.4466816126,0.000911039192324319,BJD_TDB,TESS,1
2458561.02516391,0.0007521783833822513,BJD_TDB,TESS,1
2458564.3130862066,0.0007309354940671749,BJD_TDB,TESS,1
2458567.6021554703,0.0006612124419502892,BJD_TDB,TESS,1
