Mid-point,Uncertainty,Time System,Source,#
2459287.826630524,0.0011271946248860535,BJD_TDB,TESS,1
2459297.116583429,0.0011108353350003555,BJD_TDB,TESS,1
