Mid-point,Uncertainty,Time System,Source,#
2459119.137461015,0.0005076861372774066,BJD_TDB,TESS,1
2459139.1785780624,0.0005264060270338073,BJD_TDB,TESS,1
