Mid-point,Uncertainty,Time System,Source,#
2458441.3707006304,0.0006685676717016929,BJD_TDB,TESS,1
2458443.7206855156,0.0007191198115754032,BJD_TDB,TESS,1
2458446.0726748155,0.0003977656962544437,BJD_TDB,TESS,1
2458448.4215541114,0.00104736780970632,BJD_TDB,TESS,1
2458453.123032543,0.0008937387966128003,BJD_TDB,TESS,1
2458455.4740757486,0.0008409198158983175,BJD_TDB,TESS,1
2458457.824942268,0.0008352099471958421,BJD_TDB,TESS,1
2458460.1735860207,0.0008262625777918445,BJD_TDB,TESS,1
2458462.5254298416,0.0006546346736079196,BJD_TDB,TESS,1
