Mid-point,Uncertainty,Time System,Source,#
2459232.245855369,0.0018500772865926113,BJD_TDB,TESS,1
2459236.4393381076,0.002663581206291853,BJD_TDB,TESS,1
2459240.621105322,0.00488157733971404,BJD_TDB,TESS,1
2459244.8254691553,0.0028219056820938475,BJD_TDB,TESS,1
2459249.0205767844,0.00414477461902264,BJD_TDB,TESS,1
2459253.2126162965,0.0030795935700479475,BJD_TDB,TESS,1
