Mid-point,Uncertainty,Time System,Source,#
2459311.587307028,0.00025862393288423344,BJD_TDB,TESS,1
2459314.6399233975,0.0002524600007097373,BJD_TDB,TESS,1
2459317.691954849,0.0002844099660528525,BJD_TDB,TESS,1
2459323.7975462186,0.00026396048678209536,BJD_TDB,TESS,1
2459326.8490836816,0.00021401676187920272,BJD_TDB,TESS,1
2459329.9021545267,0.00028621739303960977,BJD_TDB,TESS,1
