Mid-point,Uncertainty,Time System,Source,#
2458438.528713106,0.00030887384563057217,BJD_TDB,TESS,1
2458442.1913526,0.0002859960929932717,BJD_TDB,TESS,1
2458445.853414242,0.00031938818479179025,BJD_TDB,TESS,1
2458449.5157771166,0.00030952417844625597,BJD_TDB,TESS,1
2458453.1781477802,0.00035891027922068655,BJD_TDB,TESS,1
2458456.840256446,0.0003493634649482778,BJD_TDB,TESS,1
2458460.5030198554,0.00029408327383936465,BJD_TDB,TESS,1
