Mid-point,Uncertainty,Time System,Source,#
2459064.7356333956,0.0005969568971163111,BJD_TDB,TESS,1
2459067.584496424,0.0006605452655273761,BJD_TDB,TESS,1
2459070.434347716,0.0006104376356539537,BJD_TDB,TESS,1
2459076.1327734194,0.0006269062914495496,BJD_TDB,TESS,1
2459078.98328585,0.0006426424032376873,BJD_TDB,TESS,1
2459081.8311191467,0.0006277226075787076,BJD_TDB,TESS,1
2459084.680954265,0.0006709589348398539,BJD_TDB,TESS,1
