Mid-point,Uncertainty,Time System,Source,#
2458325.650646116,0.0014047721282982703,BJD_TDB,TESS,1
2458329.4474627594,0.0011106311553261733,BJD_TDB,TESS,1
2458333.240431364,0.0008276176830477477,BJD_TDB,TESS,1
2458337.0352945044,0.0009652387358992044,BJD_TDB,TESS,1
2458340.832641169,0.001202604148033517,BJD_TDB,TESS,1
2458344.628582212,0.001134502785006102,BJD_TDB,TESS,1
2458352.219225609,0.0011740882053664359,BJD_TDB,TESS,1
