Mid-point,Uncertainty,Time System,Source,#
2459285.392793686,0.001715010533845255,BJD_TDB,TESS,1
2459290.8046248914,0.0023356780496615838,BJD_TDB,TESS,1
2459296.223322709,0.0019209439313127845,BJD_TDB,TESS,1
2459301.6385974525,0.0022652399122810537,BJD_TDB,TESS,1
