Mid-point,Uncertainty,Time System,Source,#
2458601.191853948,0.0004651741887636176,BJD_TDB,TESS,1
2458604.309934258,0.0005590606095034016,BJD_TDB,TESS,1
2458607.4280433883,0.0004405200530357723,BJD_TDB,TESS,1
2458616.783307537,0.0004821222251498476,BJD_TDB,TESS,1
2458619.9031728064,0.0005592922399990723,BJD_TDB,TESS,1
2458623.0211760444,0.0004990692916538344,BJD_TDB,TESS,1
