Mid-point,Uncertainty,Time System,Source,#
2459116.829388055,0.0007321655964934374,BJD_TDB,TESS,1
2459120.1181908376,0.0007408893149217196,BJD_TDB,TESS,1
2459123.406691924,0.000659764534870763,BJD_TDB,TESS,1
2459126.695495245,0.0006678212983057667,BJD_TDB,TESS,1
2459133.273083669,0.0006680040249064563,BJD_TDB,TESS,1
2459136.561159044,0.0007841415193628468,BJD_TDB,TESS,1
2459139.851042375,0.0006237886830890825,BJD_TDB,TESS,1
