Mid-point,Uncertainty,Time System,Source,#
2459089.401217469,0.0009364747314354306,BJD_TDB,TESS,1
2459092.526703562,0.0008809811171690807,BJD_TDB,TESS,1
2459095.652403643,0.0009350106842193037,BJD_TDB,TESS,1
2459105.033664301,0.000883861939823406,BJD_TDB,TESS,1
2459108.157517978,0.0010053515840511332,BJD_TDB,TESS,1
2459111.2849418633,0.0008389084919041576,BJD_TDB,TESS,1
