Mid-point,Uncertainty,Time System,Source,#
2458387.6335173897,0.0009633151259864443,BJD_TDB,TESS,1
2458397.655002717,0.000704895396509688,BJD_TDB,TESS,1
