Mid-point,Uncertainty,Time System,Source,#
2459090.378985131,0.0005718751409725328,BJD_TDB,TESS,1
2459093.2288828036,0.0005498307050119424,BJD_TDB,TESS,1
2459096.0779218175,0.0006084324598526282,BJD_TDB,TESS,1
2459098.927733145,0.0007102626910123131,BJD_TDB,TESS,1
2459104.626879693,0.0007060096986713897,BJD_TDB,TESS,1
2459107.4754121443,0.0005799741763013871,BJD_TDB,TESS,1
2459110.3255327167,0.0005800765240596337,BJD_TDB,TESS,1
