Mid-point,Uncertainty,Time System,Source,#
2458602.856135716,0.000469560744846393,BJD_TDB,TESS,1
2458617.1229647784,0.0004571281553352021,BJD_TDB,TESS,1
