Mid-point,Uncertainty,Time System,Source,#
2458494.858250799,0.0007075163824147269,BJD_TDB,TESS,1
2458497.7082383423,0.0006680437875076533,BJD_TDB,TESS,1
2458500.556844165,0.0005978362546437888,BJD_TDB,TESS,1
2458506.256154842,0.0007669312375576544,BJD_TDB,TESS,1
2458509.1045731013,0.000763388114554032,BJD_TDB,TESS,1
2458511.9549997,0.000631006356062133,BJD_TDB,TESS,1
2458514.8040128383,0.0007112732981591814,BJD_TDB,TESS,1
