Mid-point,Uncertainty,Time System,Source,#
2459312.19572275,0.0005015128063778759,BJD_TDB,TESS,1
2459323.746224504,0.0005318892488013631,BJD_TDB,TESS,1
