Mid-point,Uncertainty,Time System,Source,#
2459090.519291792,0.0006962097371787363,BJD_TDB,TESS,1
2459093.808117537,0.0006671685041317481,BJD_TDB,TESS,1
2459097.097392631,0.0006948030665232799,BJD_TDB,TESS,1
2459103.6752143526,0.0008833759262980564,BJD_TDB,TESS,1
2459106.9654083084,0.0007603314868123436,BJD_TDB,TESS,1
2459110.2519799503,0.0007652040794996894,BJD_TDB,TESS,1
