Mid-point,Uncertainty,Time System,Source,#
2459450.6461506016,0.0007526846352206926,BJD_TDB,TESS,1
2459465.302891892,0.0007250304943995352,BJD_TDB,TESS,1
