Mid-point,Uncertainty,Time System,Source,#
2458413.3148572864,0.0009516790325769353,BJD_TDB,TESS,1
2458416.9506618967,0.0013282240764009876,BJD_TDB,TESS,1
2458427.852570052,0.0010001271559469756,BJD_TDB,TESS,1
2458431.4869199777,0.001091327017777523,BJD_TDB,TESS,1
2458435.123304506,0.0009258439541670465,BJD_TDB,TESS,1
