Mid-point,Uncertainty,Time System,Source,#
2458357.3752128566,0.0015023153239431067,BJD_TDB,TESS,1
2458362.7408397435,0.0017902384006940482,BJD_TDB,TESS,1
2458373.4759790106,0.000972793146780365,BJD_TDB,TESS,1
