Mid-point,Uncertainty,Time System,Source,#
2458387.405190551,0.0006130378244146229,BJD_TDB,TESS,1
2458389.9045261187,0.0005829717455605877,BJD_TDB,TESS,1
2458392.4039864046,0.0006668049837211799,BJD_TDB,TESS,1
2458397.403038531,0.0005444403269869,BJD_TDB,TESS,1
2458399.903012566,0.000632011083918631,BJD_TDB,TESS,1
2458402.4031540137,0.000602962434320811,BJD_TDB,TESS,1
2458404.9035623237,0.0005513602217523929,BJD_TDB,TESS,1
