Mid-point,Uncertainty,Time System,Source,#
2458438.9672733885,0.0007026109106413224,BJD_TDB,TESS,1
2458441.6712860195,0.0005841917022387503,BJD_TDB,TESS,1
2458444.3776780786,0.000485488768831609,BJD_TDB,TESS,1
2458447.0838174378,0.000495397724046687,BJD_TDB,TESS,1
2458452.495623642,0.0005945422106671376,BJD_TDB,TESS,1
2458455.200939652,0.00048665230982021887,BJD_TDB,TESS,1
2458457.9065142986,0.0005430051001635627,BJD_TDB,TESS,1
2458460.612922377,0.0004922784700101715,BJD_TDB,TESS,1
