Mid-point,Uncertainty,Time System,Source,#
2459338.274937286,0.0005732925237486785,BJD_TDB,TESS,1
2459341.12556281,0.0005918313455829449,BJD_TDB,TESS,1
2459343.9738466903,0.0007792680909945117,BJD_TDB,TESS,1
2459352.522784085,0.0006161423392925662,BJD_TDB,TESS,1
2459355.3729560575,0.0006220830499570652,BJD_TDB,TESS,1
2459358.2213848983,0.0005960632458399059,BJD_TDB,TESS,1
