Mid-point,Uncertainty,Time System,Source,#
2459478.638670107,0.0008975917918451599,BJD_TDB,TESS,1
2459487.677350855,0.0008657734861707048,BJD_TDB,TESS,1
2459492.1972666774,0.0009457978982758779,BJD_TDB,TESS,1
2459496.716084136,0.0010047760950551519,BJD_TDB,TESS,1
