Mid-point,Uncertainty,Time System,Source,#
2459232.818068149,0.0008930634873779309,BJD_TDB,TESS,1
2459238.2241544956,0.0008190710373433626,BJD_TDB,TESS,1
2459243.629525802,0.0008545782281264484,BJD_TDB,TESS,1
2459249.0352316606,0.0009754755839919748,BJD_TDB,TESS,1
