Mid-point,Uncertainty,Time System,Source,#
2459289.452194701,0.0009936268338328238,BJD_TDB,TESS,1
2459299.0767697687,0.001132090563907585,BJD_TDB,TESS,1
