Mid-point,Uncertainty,Time System,Source,#
2458359.79970193,0.0007960853561332497,BJD_TDB,TESS,1
2458363.19953699,0.0010503991594453975,BJD_TDB,TESS,1
2458366.592091612,0.0019613485122993695,BJD_TDB,TESS,1
2458369.9906542026,0.0004438254079077277,BJD_TDB,TESS,1
2458373.390206593,0.001362106723122443,BJD_TDB,TESS,1
2458376.7825861303,0.0008437945453744929,BJD_TDB,TESS,1
2458380.1787114698,0.001956425656697047,BJD_TDB,TESS,1
