Mid-point,Uncertainty,Time System,Source,#
2459176.028268006,0.0006725487196860364,BJD_TDB,TESS,1
2459179.316884232,0.0006920508465791363,BJD_TDB,TESS,1
2459182.6061008736,0.0006765152806899289,BJD_TDB,TESS,1
2459189.183621854,0.0006115586459610844,BJD_TDB,TESS,1
2459192.472084823,0.0006547170342964855,BJD_TDB,TESS,1
2459195.7596182367,0.000753867507430318,BJD_TDB,TESS,1
2459199.0491650044,0.0005944952204761535,BJD_TDB,TESS,1
