Mid-point,Uncertainty,Time System,Source,#
2459146.8419668633,0.0008374859148850952,BJD_TDB,TESS,1
2459150.678661718,0.0008892752291415437,BJD_TDB,TESS,1
2459154.5149597875,0.0007568534909786813,BJD_TDB,TESS,1
2459162.187921107,0.0009066162206647145,BJD_TDB,TESS,1
2459166.0227866084,0.0007246719523883909,BJD_TDB,TESS,1
