Mid-point,Uncertainty,Time System,Source,#
2459257.6910055852,0.001180778218244143,BJD_TDB,TESS,1
2459261.469752468,0.0007910588011107043,BJD_TDB,TESS,1
2459265.248784283,0.0008445187153708265,BJD_TDB,TESS,1
2459272.8079733006,0.0009597730000947946,BJD_TDB,TESS,1
2459276.5840299223,0.0009063746832257196,BJD_TDB,TESS,1
