Mid-point,Uncertainty,Time System,Source,#
2458354.773150786,0.0008401586646737352,BJD_TDB,TESS,1
2458357.8990580305,0.0007169200783740191,BJD_TDB,TESS,1
2458361.026106581,0.0006831698668860676,BJD_TDB,TESS,1
2458364.152322401,0.0009140619221754005,BJD_TDB,TESS,1
2458370.4021985624,0.0008147703918093276,BJD_TDB,TESS,1
2458373.528559826,0.0007656216244822315,BJD_TDB,TESS,1
2458376.6561611476,0.0008621515851964511,BJD_TDB,TESS,1
2458379.7825935837,0.0008770545618867701,BJD_TDB,TESS,1
