Mid-point,Uncertainty,Time System,Source,#
2459231.9366295007,0.0006741121355727009,BJD_TDB,TESS,1
2459235.225229057,0.0007281802963671191,BJD_TDB,TESS,1
2459238.5148889227,0.0007268105523263698,BJD_TDB,TESS,1
2459245.0919719622,0.0007699518603528744,BJD_TDB,TESS,1
2459248.3812318547,0.0009038243558609433,BJD_TDB,TESS,1
2459251.6691566426,0.0008004415304574866,BJD_TDB,TESS,1
