Mid-point,Uncertainty,Time System,Source,#
2458471.67347669,0.0002948541814571379,BJD_TDB,TESS,1
2458476.0848815953,0.0003599216803593613,BJD_TDB,TESS,1
2458480.4963599313,0.00043505615679302227,BJD_TDB,TESS,1
2458484.9085747367,0.00028684885072020395,BJD_TDB,TESS,1
2458489.320097409,0.00027253096907443435,BJD_TDB,TESS,1
