Mid-point,Uncertainty,Time System,Source,#
2458607.5853186664,0.00048047628262167094,BJD_TDB,TESS,1
2458619.136907482,0.0005286582794421496,BJD_TDB,TESS,1
