Mid-point,Uncertainty,Time System,Source,#
2459146.55466926,0.0005558558971336472,BJD_TDB,TESS,1
2459148.906735655,0.0005936094907561308,BJD_TDB,TESS,1
2459151.2575563556,0.0005847664881702446,BJD_TDB,TESS,1
2459153.6077104243,0.0005066690328913158,BJD_TDB,TESS,1
2459155.958871453,0.0005661915079345328,BJD_TDB,TESS,1
2459160.6596450084,0.0005183251446254473,BJD_TDB,TESS,1
2459163.0106971203,0.0005826922005297441,BJD_TDB,TESS,1
2459165.3595111095,0.000720634046128528,BJD_TDB,TESS,1
2459167.711327133,0.0005783217852708586,BJD_TDB,TESS,1
