Mid-point,Uncertainty,Time System,Source,#
2459000.0182848573,0.00024855854762975184,BJD_TDB,TESS,1
