Mid-point,Uncertainty,Time System,Source,#
2458546.681664511,0.0012496754997444273,BJD_TDB,TESS,1
2458558.3168521007,0.0011445893869102344,BJD_TDB,TESS,1
