Mid-point,Uncertainty,Time System,Source,#
2459338.2611173065,0.0008393659460602289,BJD_TDB,TESS,1
2459343.73929427,0.0008610967388349934,BJD_TDB,TESS,1
2459349.216275102,0.0008463428416965428,BJD_TDB,TESS,1
2459354.692387022,0.0008631448760407264,BJD_TDB,TESS,1
2459360.170632196,0.0008481564041138251,BJD_TDB,TESS,1
