Mid-point,Uncertainty,Time System,Source,#
2459202.338173804,0.000637163071097315,BJD_TDB,TESS,1
2459205.6261333423,0.0007291461797737895,BJD_TDB,TESS,1
2459208.914988701,0.0006837756153872031,BJD_TDB,TESS,1
2459212.2054950953,0.0008201399435130071,BJD_TDB,TESS,1
2459218.782074616,0.0006410957244889753,BJD_TDB,TESS,1
2459222.071784133,0.0007264094830351168,BJD_TDB,TESS,1
2459225.359032684,0.0006674733425385244,BJD_TDB,TESS,1
