Mid-point,Uncertainty,Time System,Source,#
2458373.437669162,0.000903160047401753,BJD_TDB,TESS,1
2458380.765473484,0.0010998044912986407,BJD_TDB,TESS,1
