Mid-point,Uncertainty,Time System,Source,#
2458357.3938398,0.00038690162018887355,BJD_TDB,TESS,1
2458360.755887278,0.00035172650393973967,BJD_TDB,TESS,1
2458364.116544591,0.0003698133912680156,BJD_TDB,TESS,1
2458370.8389055324,0.00037229085827759033,BJD_TDB,TESS,1
2458374.1992905196,0.0003177392662477922,BJD_TDB,TESS,1
2458377.5601876546,0.0005549461882295948,BJD_TDB,TESS,1
2458380.9222251843,0.0003820040787053708,BJD_TDB,TESS,1
