Mid-point,Uncertainty,Time System,Source,#
2458740.7596668927,0.0008036590944167833,BJD_TDB,TESS,1
2458743.9717258858,0.0007050412807397681,BJD_TDB,TESS,1
2458747.184143997,0.0005538615121859188,BJD_TDB,TESS,1
2458753.61101744,0.000554616409081384,BJD_TDB,TESS,1
2458756.824405409,0.0006149181467636779,BJD_TDB,TESS,1
2458760.037410847,0.0004427670361570877,BJD_TDB,TESS,1
