Mid-point,Uncertainty,Time System,Source,#
2459232.6152750133,0.0014703112050909995,BJD_TDB,TESS,1
2459236.2608927162,0.0013901901139169244,BJD_TDB,TESS,1
2459239.907905061,0.0018005070566040815,BJD_TDB,TESS,1
2459243.5508411825,0.0014806099140158783,BJD_TDB,TESS,1
2459247.2000553194,0.0015175253804690844,BJD_TDB,TESS,1
2459250.8455438106,0.0012974236031946453,BJD_TDB,TESS,1
