Mid-point,Uncertainty,Time System,Source,#
2459038.5139341503,0.0028896363762699706,BJD_TDB,TESS,1
2459041.8873580694,0.0021346145729582502,BJD_TDB,TESS,1
2459045.267610607,0.002037756192526748,BJD_TDB,TESS,1
2459052.0173289767,0.002563986974664827,BJD_TDB,TESS,1
2459055.391161246,0.0024250206768519195,BJD_TDB,TESS,1
2459058.7743533445,0.002069612177260321,BJD_TDB,TESS,1
