Mid-point,Uncertainty,Time System,Source,#
2459092.758135749,0.0012850999954666525,BJD_TDB,TESS,1
2459098.1273142053,0.0013714672427513413,BJD_TDB,TESS,1
2459103.4915920976,0.0015384528066537452,BJD_TDB,TESS,1
2459108.8595777224,0.0012092005211630807,BJD_TDB,TESS,1
