Mid-point,Uncertainty,Time System,Source,#
2458439.8707238785,0.0013305197744815631,BJD_TDB,TESS,1
2458443.1796949916,0.00125382846075697,BJD_TDB,TESS,1
2458446.4941732134,0.0014433285618155464,BJD_TDB,TESS,1
2458449.8045337577,0.0014715023864380298,BJD_TDB,TESS,1
2458453.114528191,0.0014809287347758893,BJD_TDB,TESS,1
2458456.423510772,0.0018984211618823237,BJD_TDB,TESS,1
2458459.7395307957,0.0014880276059215617,BJD_TDB,TESS,1
2458463.045443688,0.0012197334844000725,BJD_TDB,TESS,1
