Mid-point,Uncertainty,Time System,Source,#
2458572.906233478,0.00027129267392232443,BJD_TDB,TESS,1
2458575.9586777417,0.00024286582323919303,BJD_TDB,TESS,1
2458579.0107107367,0.0002823835419624646,BJD_TDB,TESS,1
2458585.1161060147,0.00031213561269818245,BJD_TDB,TESS,1
2458588.168370911,0.0002998578435276436,BJD_TDB,TESS,1
2458591.22084493,0.00023345063794891663,BJD_TDB,TESS,1
2458594.272833257,0.0002414011182101539,BJD_TDB,TESS,1
