Mid-point,Uncertainty,Time System,Source,#
2459150.643664006,0.006474324136522492,BJD_TDB,TESS,1
2459166.2937275395,0.006161118642407995,BJD_TDB,TESS,1
