Mid-point,Uncertainty,Time System,Source,#
2458654.423878978,0.0008433097054456506,BJD_TDB,TESS,1
2458657.273103242,0.0008971661262216927,BJD_TDB,TESS,1
2458660.12206068,0.0006944657298479493,BJD_TDB,TESS,1
2458662.9725414915,0.000638329310357742,BJD_TDB,TESS,1
2458665.821239789,0.0005840715931790451,BJD_TDB,TESS,1
2458671.521426901,0.0007483800801648015,BJD_TDB,TESS,1
2458674.3709362885,0.0006034745825772975,BJD_TDB,TESS,1
2458677.2193903774,0.000711652047512509,BJD_TDB,TESS,1
2458680.0682594273,0.0006918368877479305,BJD_TDB,TESS,1
