Mid-point,Uncertainty,Time System,Source,#
2458357.119466598,0.0007982286685641729,BJD_TDB,TESS,1
2458360.40849842,0.0006708734268349993,BJD_TDB,TESS,1
2458363.6978574926,0.0006353838831603066,BJD_TDB,TESS,1
2458370.275467127,0.0005874036811237796,BJD_TDB,TESS,1
2458373.5638070004,0.0008981240077330361,BJD_TDB,TESS,1
2458376.851743713,0.0006527728662108144,BJD_TDB,TESS,1
2458380.140410396,0.0009449241597449833,BJD_TDB,TESS,1
