Mid-point,Uncertainty,Time System,Source,#
2459090.3834826574,0.0006498772372337053,BJD_TDB,TESS,1
2459093.139611498,0.0007143996588202458,BJD_TDB,TESS,1
2459095.8966148137,0.0006154554771505927,BJD_TDB,TESS,1
2459104.167359797,0.0006764875956282284,BJD_TDB,TESS,1
2459106.922060868,0.0006650880602764237,BJD_TDB,TESS,1
2459109.680877319,0.0006945507670438578,BJD_TDB,TESS,1
