Mid-point,Uncertainty,Time System,Source,#
2458411.2680974887,0.0007268421459541764,BJD_TDB,TESS,1
2458429.0420263596,0.0009260857901928919,BJD_TDB,TESS,1
2458434.9665128887,0.0007472747506019374,BJD_TDB,TESS,1
