Mid-point,Uncertainty,Time System,Source,#
2458412.6976760696,0.00027057573962891476,BJD_TDB,TESS,1
2458414.9329106766,0.0002736997305115049,BJD_TDB,TESS,1
2458417.168904324,0.0003787030218499087,BJD_TDB,TESS,1
2458421.6412681174,0.0002937790297682726,BJD_TDB,TESS,1
2458426.112703979,0.00027620638818446486,BJD_TDB,TESS,1
2458428.348910315,0.00037915838846795024,BJD_TDB,TESS,1
2458430.58558846,0.00029608387166205584,BJD_TDB,TESS,1
2458432.8211615635,0.00028103909497698474,BJD_TDB,TESS,1
2458435.057109386,0.0002882501833744998,BJD_TDB,TESS,1
