Mid-point,Uncertainty,Time System,Source,#
2459117.8342862795,0.005235441322547959,BJD_TDB,TESS,1
2459130.6057349383,0.00592783833560957,BJD_TDB,TESS,1
