Mid-point,Uncertainty,Time System,Source,#
2459118.2914072997,0.0006121249622258382,BJD_TDB,TESS,1
2459122.1987331477,0.0006975309279939898,BJD_TDB,TESS,1
2459126.1064740443,0.0006604935769141541,BJD_TDB,TESS,1
2459133.92367024,0.0008568961222676605,BJD_TDB,TESS,1
2459137.831234208,0.0007695567465202448,BJD_TDB,TESS,1
