Mid-point,Uncertainty,Time System,Source,#
2458387.491252723,0.0004533861944070241,BJD_TDB,TESS,1
2458391.397429296,0.0007875329202241762,BJD_TDB,TESS,1
2458399.2142138295,0.0009505414356679976,BJD_TDB,TESS,1
