Mid-point,Uncertainty,Time System,Source,#
2458719.475615949,0.00046512064828163174,BJD_TDB,TESS,1
2458729.8136571324,0.0003002313047712813,BJD_TDB,TESS,1
