Mid-point,Uncertainty,Time System,Source,#
2459259.9720803373,0.0008866532512503204,BJD_TDB,TESS,1
2459264.085573007,0.0009230134346417016,BJD_TDB,TESS,1
2459272.3084926903,0.0008480952456194718,BJD_TDB,TESS,1
2459276.41891681,0.0010066794204554054,BJD_TDB,TESS,1
