Mid-point,Uncertainty,Time System,Source,#
2458412.403725268,0.0005257964622675223,BJD_TDB,TESS,1
2458414.903093842,0.0006384387007667121,BJD_TDB,TESS,1
2458417.4028969267,0.0006236339062211028,BJD_TDB,TESS,1
2458424.90194936,0.0004995130272917062,BJD_TDB,TESS,1
2458427.402136257,0.0005502501050281845,BJD_TDB,TESS,1
2458429.9025342413,0.0005321365300534217,BJD_TDB,TESS,1
2458432.402126219,0.0005117261120423724,BJD_TDB,TESS,1
2458434.902774144,0.000596193398626017,BJD_TDB,TESS,1
