Mid-point,Uncertainty,Time System,Source,#
2458600.4896060205,0.0006858016770212877,BJD_TDB,TESS,1
2458603.778951857,0.0008270538422207851,BJD_TDB,TESS,1
2458607.0671117683,0.0006233452143860955,BJD_TDB,TESS,1
2458613.646616389,0.0008038466124986601,BJD_TDB,TESS,1
2458616.9340477586,0.0007187269693156534,BJD_TDB,TESS,1
2458620.222660841,0.0006737948824668326,BJD_TDB,TESS,1
2458623.512118712,0.0009082349969425988,BJD_TDB,TESS,1
