Mid-point,Uncertainty,Time System,Source,#
2459012.0675022583,0.0006958391852590428,BJD_TDB,TESS,1
2459017.0851267073,0.0005681673482083867,BJD_TDB,TESS,1
2459027.119334268,0.0006606913768677799,BJD_TDB,TESS,1
2459032.135515669,0.0006091945581115946,BJD_TDB,TESS,1
