Mid-point,Uncertainty,Time System,Source,#
2458416.970280277,0.0027746893793400436,BJD_TDB,TESS,1
2458428.491139163,0.002223138063479833,BJD_TDB,TESS,1
2458432.3296069168,0.0020186812919076973,BJD_TDB,TESS,1
