Mid-point,Uncertainty,Time System,Source,#
2458904.941847379,0.002629408897397781,BJD_TDB,TESS,1
2458923.9191783275,0.001198412863708915,BJD_TDB,TESS,1
