Mid-point,Uncertainty,Time System,Source,#
2458553.940541838,0.0012127293088073374,BJD_TDB,TESS,1
2458563.231362458,0.0013206886561167397,BJD_TDB,TESS,1
