Mid-point,Uncertainty,Time System,Source,#
2458579.868581362,0.00042883381278670523,BJD_TDB,TESS,1
2458591.311704899,0.00035467578843389764,BJD_TDB,TESS,1
