Mid-point,Uncertainty,Time System,Source,#
2458936.8473475925,0.0007405091734749535,BJD_TDB,TESS,1
2458952.5365530564,0.0011224963794766324,BJD_TDB,TESS,1
