Mid-point,Uncertainty,Time System,Source,#
2458439.1228248687,0.001049148095264545,BJD_TDB,TESS,1
2458442.98062117,0.000968069343169328,BJD_TDB,TESS,1
2458446.835546484,0.0012300099282759461,BJD_TDB,TESS,1
2458454.5464640935,0.0012007996189700488,BJD_TDB,TESS,1
2458458.4029461355,0.0009663825250563608,BJD_TDB,TESS,1
2458462.259194432,0.0009862655863670535,BJD_TDB,TESS,1
