Mid-point,Uncertainty,Time System,Source,#
2458809.0709820595,0.00020375250262309963,BJD_TDB,TESS,1
