Mid-point,Uncertainty,Time System,Source,#
2459062.7396125076,0.0008617236512123382,BJD_TDB,TESS,1
2459064.5174653023,0.0008364138646094901,BJD_TDB,TESS,1
2459066.2929733666,0.0007123501155389101,BJD_TDB,TESS,1
2459068.0705115832,0.0008233914440705663,BJD_TDB,TESS,1
2459069.847577491,0.0009076208251957983,BJD_TDB,TESS,1
2459076.957500728,0.0008319610839696436,BJD_TDB,TESS,1
2459078.7332336223,0.0008538861822471802,BJD_TDB,TESS,1
2459080.5100631835,0.0008732586137326443,BJD_TDB,TESS,1
2459082.2890222333,0.0007655236839451521,BJD_TDB,TESS,1
