Mid-point,Uncertainty,Time System,Source,#
2458521.893691618,0.0016305379130550123,BJD_TDB,TESS,1
2458527.5078917155,0.001884587959308981,BJD_TDB,TESS,1
