Mid-point,Uncertainty,Time System,Source,#
2458389.7951033567,0.002269729066334697,BJD_TDB,TESS,1
2458402.5711279335,0.003372897691531499,BJD_TDB,TESS,1
