Mid-point,Uncertainty,Time System,Source,#
2458387.8455248666,0.0007444450640653671,BJD_TDB,TESS,1
2458392.2575327614,0.00028531536732847706,BJD_TDB,TESS,1
2458401.081688976,0.00027807709779539505,BJD_TDB,TESS,1
2458405.4937159545,0.00027907605117692257,BJD_TDB,TESS,1
