Mid-point,Uncertainty,Time System,Source,#
2458440.0101549886,0.0025788622236264645,BJD_TDB,TESS,1
2458443.8503146092,0.0024035258679466474,BJD_TDB,TESS,1
2458447.6924537555,0.0027990670227523,BJD_TDB,TESS,1
2458455.367734224,0.0017464219031461483,BJD_TDB,TESS,1
2458459.2117046523,0.0016925815075455937,BJD_TDB,TESS,1
2458463.0504437145,0.002436362149831647,BJD_TDB,TESS,1
