Mid-point,Uncertainty,Time System,Source,#
2459235.2369030635,0.0003885824193870807,BJD_TDB,TESS,1
2459243.759154519,0.00028500574749528487,BJD_TDB,TESS,1
2459252.2835413706,0.0002881649961136321,BJD_TDB,TESS,1
