Mid-point,Uncertainty,Time System,Source,#
2458625.932221793,0.0010256016567933319,BJD_TDB,TESS,1
2458628.779459029,0.0007697786692340449,BJD_TDB,TESS,1
2458631.628180044,0.0006966384672977932,BJD_TDB,TESS,1
2458634.478091376,0.0006659988760271551,BJD_TDB,TESS,1
2458637.3286496857,0.0007093550513578509,BJD_TDB,TESS,1
2458643.0251750126,0.000802337634787241,BJD_TDB,TESS,1
2458645.8757862593,0.000586560840915561,BJD_TDB,TESS,1
2458648.7235600334,0.0006907965619501563,BJD_TDB,TESS,1
2458651.573784305,0.0006950306569594943,BJD_TDB,TESS,1
