Mid-point,Uncertainty,Time System,Source,#
2458492.897424777,0.00035290127812691725,BJD_TDB,TESS,1
2458496.3066609916,0.0005393327046754592,BJD_TDB,TESS,1
2458499.716130533,0.00031230924137489255,BJD_TDB,TESS,1
2458506.5349230547,0.00048579063120526644,BJD_TDB,TESS,1
2458509.9436956826,0.0005427736126769083,BJD_TDB,TESS,1
2458513.3544108407,0.0007677821216504506,BJD_TDB,TESS,1
