Mid-point,Uncertainty,Time System,Source,#
2459310.8676104904,0.0006055137214996543,BJD_TDB,TESS,1
2459314.157583623,0.0007007114024002735,BJD_TDB,TESS,1
2459317.446243777,0.0007546554056439434,BJD_TDB,TESS,1
2459324.0232590446,0.0007931073055464331,BJD_TDB,TESS,1
2459327.3100842354,0.0006961514376009,BJD_TDB,TESS,1
2459330.601830604,0.0007408866674200184,BJD_TDB,TESS,1
