Mid-point,Uncertainty,Time System,Source,#
2459283.3689035303,0.0014606830615803079,BJD_TDB,TESS,1
2459286.4296874097,0.0012881404412201692,BJD_TDB,TESS,1
2459289.4946758356,0.0017647387797303494,BJD_TDB,TESS,1
2459292.561026824,0.0012427937238880897,BJD_TDB,TESS,1
2459295.62638577,0.0013275961842561946,BJD_TDB,TESS,1
2459298.6942710723,0.0016006671447294644,BJD_TDB,TESS,1
2459301.7571997354,0.0013759812130195962,BJD_TDB,TESS,1
2459304.821110936,0.0012281955082941215,BJD_TDB,TESS,1
