Mid-point,Uncertainty,Time System,Source,#
2459256.321854738,0.0014382347504466768,BJD_TDB,TESS,1
2459279.5924965357,0.0018997909493391237,BJD_TDB,TESS,1
