Mid-point,Uncertainty,Time System,Source,#
2459062.7819821364,0.000590868241272028,BJD_TDB,TESS,1
2459065.0928315073,0.0005697028119632643,BJD_TDB,TESS,1
2459067.4036977203,0.0006966063254188044,BJD_TDB,TESS,1
2459069.7152273497,0.0007353421054472996,BJD_TDB,TESS,1
2459076.6471055457,0.0005415629189085601,BJD_TDB,TESS,1
2459078.9578911224,0.0005257359276826282,BJD_TDB,TESS,1
2459081.270218708,0.0006029698935554768,BJD_TDB,TESS,1
2459083.580399652,0.0005982636405295553,BJD_TDB,TESS,1
