Mid-point,Uncertainty,Time System,Source,#
2458602.089842524,0.0018825203887137326,BJD_TDB,TESS,1
2458618.3476256668,0.0018555170342618274,BJD_TDB,TESS,1
