Mid-point,Uncertainty,Time System,Source,#
2459449.244254121,0.0015658429875162433,BJD_TDB,TESS,1
2459454.272308216,0.000812275939900651,BJD_TDB,TESS,1
2459464.3261225005,0.0007496970226634734,BJD_TDB,TESS,1
2459469.351036973,0.0008438011332142557,BJD_TDB,TESS,1
