Mid-point,Uncertainty,Time System,Source,#
2458985.6164836567,0.0011035521898907226,BJD_TDB,TESS,1
2458990.649685068,0.0007692011597937847,BJD_TDB,TESS,1
2459000.714294923,0.0009384878930390837,BJD_TDB,TESS,1
2459005.7449009884,0.0007985963025369298,BJD_TDB,TESS,1
