Mid-point,Uncertainty,Time System,Source,#
2458440.720187377,0.0006861814351865855,BJD_TDB,TESS,1
2458443.5705661983,0.0006141588145683215,BJD_TDB,TESS,1
2458446.419166182,0.0006555434583859425,BJD_TDB,TESS,1
2458449.269053245,0.0006339219932488077,BJD_TDB,TESS,1
2458452.1174296504,0.0007787877510989319,BJD_TDB,TESS,1
2458454.9672781425,0.000653206628899009,BJD_TDB,TESS,1
2458457.8160352623,0.0006155619557100075,BJD_TDB,TESS,1
2458460.6650727754,0.0007741613275958121,BJD_TDB,TESS,1
