Mid-point,Uncertainty,Time System,Source,#
2458386.5770243695,0.0009413662821565385,BJD_TDB,TESS,1
2458389.003856665,0.0009561963515536178,BJD_TDB,TESS,1
2458391.4248312213,0.0009710925931047561,BJD_TDB,TESS,1
2458393.8504740507,0.0011075629722608331,BJD_TDB,TESS,1
2458398.69604432,0.000942059399439169,BJD_TDB,TESS,1
2458401.1208556322,0.000981974993305006,BJD_TDB,TESS,1
2458403.546093054,0.0009177055433887178,BJD_TDB,TESS,1
2458405.9675376564,0.0009989482204032132,BJD_TDB,TESS,1
