Mid-point,Uncertainty,Time System,Source,#
2459285.611938507,0.0038751405625609492,BJD_TDB,TESS,1
2459289.428003553,0.0032883440862197847,BJD_TDB,TESS,1
2459297.067261011,0.003123821382446814,BJD_TDB,TESS,1
2459300.8791327295,0.0046836012982557655,BJD_TDB,TESS,1
2459304.6962281866,0.003354417534885164,BJD_TDB,TESS,1
