Mid-point,Uncertainty,Time System,Source,#
2458357.6632264596,0.0015235701817224142,BJD_TDB,TESS,1
2458362.2705821367,0.0014279674685816225,BJD_TDB,TESS,1
2458371.4745751084,0.0023190711788535954,BJD_TDB,TESS,1
2458376.07896788,0.0019160865901212349,BJD_TDB,TESS,1
2458380.6793109975,0.002167413689155149,BJD_TDB,TESS,1
