Mid-point,Uncertainty,Time System,Source,#
2458713.434066776,0.0007337036835648997,BJD_TDB,TESS,1
2458715.6377538056,0.0006549525681833104,BJD_TDB,TESS,1
2458717.844170982,0.0006903976931834741,BJD_TDB,TESS,1
2458720.0487291743,0.0006728059372786013,BJD_TDB,TESS,1
2458726.661160964,0.0006135630296182095,BJD_TDB,TESS,1
2458728.8666078304,0.0008958370466763499,BJD_TDB,TESS,1
2458731.0721561587,0.0006530351672651726,BJD_TDB,TESS,1
2458733.2765450366,0.0006049809665491207,BJD_TDB,TESS,1
