Mid-point,Uncertainty,Time System,Source,#
2458470.3042129856,0.00040076080977346465,BJD_TDB,TESS,1
2458473.889174527,0.00035346151601254607,BJD_TDB,TESS,1
2458481.0609983485,0.0003880886334937797,BJD_TDB,TESS,1
2458484.64640323,0.00034365403781495905,BJD_TDB,TESS,1
2458488.231887154,0.0004089942114601314,BJD_TDB,TESS,1
