Mid-point,Uncertainty,Time System,Source,#
2458794.8542951928,0.00043718206069985057,BJD_TDB,TESS,1
2458798.577080949,0.00047394687603188873,BJD_TDB,TESS,1
2458806.022051212,0.0003756407208915183,BJD_TDB,TESS,1
2458809.743931866,0.0004258194542289234,BJD_TDB,TESS,1
