Mid-point,Uncertainty,Time System,Source,#
2459309.8328874125,0.0006707040940227582,BJD_TDB,TESS,1
2459312.332572301,0.0005841898000347859,BJD_TDB,TESS,1
2459314.8321139137,0.0006067417719965713,BJD_TDB,TESS,1
2459317.3320118454,0.0005588506318944847,BJD_TDB,TESS,1
2459324.8299826225,0.0006104881461924386,BJD_TDB,TESS,1
2459327.33095317,0.0005808910026229918,BJD_TDB,TESS,1
2459329.8309950856,0.0005043289736880064,BJD_TDB,TESS,1
2459332.3312094477,0.0005211449628255227,BJD_TDB,TESS,1
