Mid-point,Uncertainty,Time System,Source,#
2458603.1968004485,0.0005395876268313475,BJD_TDB,TESS,1
2458606.949376306,0.0005419129693000972,BJD_TDB,TESS,1
2458618.205472891,0.0006370595643635009,BJD_TDB,TESS,1
2458621.957189948,0.0005593716659549772,BJD_TDB,TESS,1
