Mid-point,Uncertainty,Time System,Source,#
2459038.7584429192,0.00037729982699385664,BJD_TDB,TESS,1
2459043.7127300454,0.00040122467845841287,BJD_TDB,TESS,1
2459053.6230670745,0.00037204489670051,BJD_TDB,TESS,1
2459058.5770191737,0.0003802866298816839,BJD_TDB,TESS,1
