Mid-point,Uncertainty,Time System,Source,#
2458931.56306558,0.000934577365452295,BJD_TDB,TESS,1
2458933.705983844,0.000977646802196147,BJD_TDB,TESS,1
2458937.9941459675,0.0009040716888990575,BJD_TDB,TESS,1
2458940.1368319113,0.0008961796916745645,BJD_TDB,TESS,1
2458944.426123141,0.0008947058187301766,BJD_TDB,TESS,1
2458946.56864183,0.0011374918935176564,BJD_TDB,TESS,1
2458948.7112395144,0.0011140508169262024,BJD_TDB,TESS,1
2458950.8563226815,0.0008162797274539177,BJD_TDB,TESS,1
2458952.9998692013,0.0008608098261449182,BJD_TDB,TESS,1
