Mid-point,Uncertainty,Time System,Source,#
2458495.173509936,0.00167003959086972,BJD_TDB,TESS,1
2458515.4473452107,0.0012407032605841575,BJD_TDB,TESS,1
