Mid-point,Uncertainty,Time System,Source,#
2458987.5393219423,0.0019310326397815186,BJD_TDB,TESS,1
2459005.1529751997,0.0014763801423664602,BJD_TDB,TESS,1
