Mid-point,Uncertainty,Time System,Source,#
2459095.784472677,0.0005907875726639695,BJD_TDB,TESS,1
2459103.6564695183,0.0006068099973405298,BJD_TDB,TESS,1
2459111.5298918705,0.0008061080406012972,BJD_TDB,TESS,1
