Mid-point,Uncertainty,Time System,Source,#
2459391.1835839693,0.002062285489263106,BJD_TDB,TESS,1
2459394.518547291,0.0015421657383559162,BJD_TDB,TESS,1
2459397.8479718254,0.0017872903699138673,BJD_TDB,TESS,1
2459401.1847615973,0.0015484723165807076,BJD_TDB,TESS,1
2459407.846601755,0.001963995725749535,BJD_TDB,TESS,1
2459411.177595572,0.0021772169348730636,BJD_TDB,TESS,1
2459414.5129028666,0.001672702033523979,BJD_TDB,TESS,1
2459417.848517467,0.0017448297972420322,BJD_TDB,TESS,1
