Mid-point,Uncertainty,Time System,Source,#
2458470.8204945195,0.000494838606826889,BJD_TDB,TESS,1
2458473.6007678076,0.0005135440674746766,BJD_TDB,TESS,1
2458476.38260556,0.0005640953917417104,BJD_TDB,TESS,1
2458479.1646352224,0.0005462401048426717,BJD_TDB,TESS,1
2458481.947075354,0.0005297117964361551,BJD_TDB,TESS,1
2458484.728905839,0.0004561079692574076,BJD_TDB,TESS,1
2458487.5094283614,0.0005340037119491159,BJD_TDB,TESS,1
