Mid-point,Uncertainty,Time System,Source,#
2458574.815094066,0.0005594198977487913,BJD_TDB,TESS,1
2458579.79630291,0.0005918142254640656,BJD_TDB,TESS,1
2458584.777352346,0.0007285223877161945,BJD_TDB,TESS,1
2458589.760080446,0.0004937820851407679,BJD_TDB,TESS,1
2458594.740575808,0.0005989195381006458,BJD_TDB,TESS,1
