Mid-point,Uncertainty,Time System,Source,#
2459362.8838662785,0.00024168634087862246,BJD_TDB,TESS,1
2459367.2960221358,0.00025365684477464845,BJD_TDB,TESS,1
2459371.7081368314,0.0002698871211318485,BJD_TDB,TESS,1
2459376.119506005,0.00025055071334110666,BJD_TDB,TESS,1
2459380.5321135335,0.00033116432957580843,BJD_TDB,TESS,1
2459384.9440961303,0.0002839351457833748,BJD_TDB,TESS,1
2459389.355207752,0.0002731824334438671,BJD_TDB,TESS,1
