Mid-point,Uncertainty,Time System,Source,#
2459337.1788776694,0.0007374656144850239,BJD_TDB,TESS,1
2459340.466567187,0.0007486972327988791,BJD_TDB,TESS,1
2459343.7559899488,0.0008109637286701598,BJD_TDB,TESS,1
2459350.3330538394,0.0007115042060185728,BJD_TDB,TESS,1
2459353.622419719,0.0007994112137761405,BJD_TDB,TESS,1
2459356.9097791524,0.0008173702495545063,BJD_TDB,TESS,1
2459360.20004093,0.0007564478565102608,BJD_TDB,TESS,1
