Mid-point,Uncertainty,Time System,Source,#
2458794.3367519905,0.0010647469376654504,BJD_TDB,TESS,1
2458799.0682605887,0.0005543956317477085,BJD_TDB,TESS,1
2458803.801280655,0.0010344232396138284,BJD_TDB,TESS,1
2458813.2647757335,0.0009449504391370736,BJD_TDB,TESS,1
