Mid-point,Uncertainty,Time System,Source,#
2459062.714970989,0.00036133655048555425,BJD_TDB,TESS,1
2459065.514018235,0.00043040700505266597,BJD_TDB,TESS,1
2459068.313070526,0.0003616291914560635,BJD_TDB,TESS,1
2459071.111009117,0.00044708055168253454,BJD_TDB,TESS,1
2459076.7090195515,0.000394082793029429,BJD_TDB,TESS,1
2459079.5072444915,0.0003884107723565234,BJD_TDB,TESS,1
2459082.305315095,0.00042790433182288124,BJD_TDB,TESS,1
2459085.10479059,0.0004708893424859307,BJD_TDB,TESS,1
