Mid-point,Uncertainty,Time System,Source,#
2458358.9205691614,0.00038547300754129376,BJD_TDB,TESS,1
2458375.2382520786,0.0004289234466890644,BJD_TDB,TESS,1
