Mid-point,Uncertainty,Time System,Source,#
2459010.8274125555,0.001222514354281939,BJD_TDB,TESS,1
2459015.834121022,0.0015851750225387693,BJD_TDB,TESS,1
2459020.837755652,0.0013169452125690515,BJD_TDB,TESS,1
2459025.8413464082,0.0014123150073858455,BJD_TDB,TESS,1
2459030.850545699,0.0012601857829612803,BJD_TDB,TESS,1
