Mid-point,Uncertainty,Time System,Source,#
2458492.3967802813,0.0005959840984271523,BJD_TDB,TESS,1
2458494.8963504694,0.000668818121305174,BJD_TDB,TESS,1
2458497.39619743,0.0004843672099837938,BJD_TDB,TESS,1
2458499.8950317795,0.0006021142439864209,BJD_TDB,TESS,1
2458502.397018268,0.0006013242696100824,BJD_TDB,TESS,1
2458507.3954150598,0.0006185746656914988,BJD_TDB,TESS,1
2458509.8955630898,0.0006430152468072154,BJD_TDB,TESS,1
2458512.3951967987,0.0004917341044827756,BJD_TDB,TESS,1
2458514.8946236954,0.0005797756171572516,BJD_TDB,TESS,1
