Mid-point,Uncertainty,Time System,Source,#
2458520.5029234025,0.0006412072520257879,BJD_TDB,TESS,1
2458523.3520562765,0.000611596016093331,BJD_TDB,TESS,1
2458526.202666555,0.0006629306163643352,BJD_TDB,TESS,1
2458537.59908138,0.000627969705883586,BJD_TDB,TESS,1
2458540.448125722,0.0006291753401315253,BJD_TDB,TESS,1
