Mid-point,Uncertainty,Time System,Source,#
2458548.3508599303,0.0009773500983305595,BJD_TDB,TESS,1
2458567.602326999,0.001534307106228652,BJD_TDB,TESS,1
