Mid-point,Uncertainty,Time System,Source,#
2458413.1674253284,0.0005903338748492113,BJD_TDB,TESS,1
2458416.128066772,0.0006274301185564743,BJD_TDB,TESS,1
2458422.0542911207,0.0006365881082267376,BJD_TDB,TESS,1
2458425.015586763,0.0006920117077708639,BJD_TDB,TESS,1
2458427.9794788547,0.0006477513998328257,BJD_TDB,TESS,1
2458430.9423360038,0.0006647166427951943,BJD_TDB,TESS,1
2458433.90363618,0.0006749249441746675,BJD_TDB,TESS,1
