Mid-point,Uncertainty,Time System,Source,#
2458741.567979826,0.0014770159397417242,BJD_TDB,TESS,1
2458746.0252386807,0.0012923111170568718,BJD_TDB,TESS,1
2458754.9413103815,0.0013229123886038725,BJD_TDB,TESS,1
2458759.3990659416,0.0015456180564274837,BJD_TDB,TESS,1
